"","Centre","Year","Pass1","Fail1","Total1","Pass1prop","Pass2","Fail2","Total2","Pass2prop","Totalpass","totalFails"
"1","Abbeyfeale","2013",6446,6557,13003,0.495731754210567,6249,569,6818,0.916544441185098,12695,7126
"2","Arklow","2013",10217,12054,22271,0.458758026132639,10529,1074,11603,0.907437731621133,20746,13128
"3","Athlone","2013",7169,8277,15446,0.464133108895507,7350,726,8076,0.910104011887073,14519,9003
"4","Ballina","2013",6223,7715,13938,0.446477256421294,7081,537,7618,0.929509057495406,13304,8252
"5","Ballinasloe","2013",5417,5395,10812,0.50101738808731,4852,500,5352,0.906576980568012,10269,5895
"6","Cahir","2013",11418,13225,24643,0.463336444426409,11745,1029,12774,0.919445749178018,23163,14254
"7","Cahirciveen","2013",1508,1737,3245,0.464714946070878,1553,118,1671,0.929383602633154,3061,1855
"8","Carlow","2013",10049,13869,23918,0.42014382473451,12005,1426,13431,0.89382771200953,22054,15295
"9","Carndonagh","2013",2812,2728,5540,0.507581227436823,2750,275,3025,0.909090909090909,5562,3003
"10","Carrick-on-Shannon","2013",4129,6396,10525,0.392304038004751,5709,633,6342,0.900189214758751,9838,7029
"11","Castlerea","2013",5374,7760,13134,0.409167047358002,6811,757,7568,0.899973572938689,12185,8517
"12","Cavan","2013",5002,8071,13073,0.382620668553507,7361,936,8297,0.887188140291672,12363,9007
"13","Charleville","2013",8123,6970,15093,0.538196514940701,6548,519,7067,0.926560067921325,14671,7489
"14","Clifden","2013",1378,2409,3787,0.363876419329284,2159,193,2352,0.917942176870748,3537,2602
"15","Cork-Blarney","2013",16827,19542,36369,0.462674255547307,16430,1702,18132,0.906132803882638,33257,21244
"16","Cork-Little Island","2013",29711,27805,57516,0.516569302454969,25499,2322,27821,0.916537867078825,55210,30127
"17","Deansgrange","2013",40659,40561,81220,0.500603299679882,36672,3832,40504,0.905392060043453,77331,44393
"18","Derrybeg","2013",2211,2566,4777,0.462842788360896,2416,211,2627,0.919680243623906,4627,2777
"19","Donegal","2013",4941,4424,9365,0.527602776294714,4188,440,4628,0.904926534140017,9129,4864
"20","Drogheda","2013",14796,13624,28420,0.520619282195637,11984,1103,13087,0.915717887980439,26780,14727
"21","Dundalk","2013",7398,9173,16571,0.446442580411562,8210,990,9200,0.892391304347826,15608,10163
"22","Ennis","2013",11398,15388,26786,0.425520794444859,13807,1493,15300,0.902418300653595,25205,16881
"23","Enniscorthy","2013",12670,16850,29520,0.42920054200542,14849,1440,16289,0.911596783105163,27519,18290
"24","Fonthill","2013",37628,47982,85610,0.439528092512557,39018,4306,43324,0.900609362016434,76646,52288
"25","Galway","2013",20020,26917,46937,0.426529177408015,24163,2511,26674,0.905863387568419,44183,29428
"26","Greenhills","2013",25057,26509,51566,0.485920955668464,25623,2622,28245,0.907169410515135,50680,29131
"27","Kells","2013",11359,14535,25894,0.438673051672202,12509,1385,13894,0.900316683460487,23868,15920
"28","Kilkenny","2013",11611,10605,22216,0.522641339575081,9524,705,10229,0.931078306774856,21135,11310
"29","Killarney","2013",8438,7138,15576,0.541730868002054,6655,593,7248,0.918184326710817,15093,7731
"30","Letterkenny","2013",8332,10692,19024,0.437973086627418,9653,1077,10730,0.899627213420317,17985,11769
"31","Limerick","2013",19521,24522,44043,0.443225938287583,21965,2470,24435,0.898915490075711,41486,26992
"32","Longford","2013",5968,7013,12981,0.459748863723904,6247,738,6985,0.894345025053687,12215,7751
"33","Macroom","2013",7532,7284,14816,0.508369330453564,6627,515,7142,0.927891346961635,14159,7799
"34","Monaghan","2013",3978,7211,11189,0.355527750469211,6574,928,7502,0.876299653425753,10552,8139
"35","Mullingar","2013",6883,8828,15711,0.438100693781427,7953,838,8791,0.904675236036856,14836,9666
"36","Naas","2013",17046,21748,38794,0.439397845027582,17792,2108,19900,0.894070351758794,34838,23856
"37","Nenagh","2013",9808,10456,20264,0.484011054086064,9301,783,10084,0.922352241174137,19109,11239
"38","Northpoint 1","2013",24309,31823,56132,0.433068481436614,27450,3665,31115,0.882211152177406,51759,35488
"39","Northpoint 2","2013",30317,36533,66850,0.453507853403141,32460,3757,36217,0.896264185327332,62777,40290
"40","Portlaoise","2013",9140,8703,17843,0.512245698593286,8031,678,8709,0.922149500516707,17171,9381
"41","Skibbereen","2013",6649,7246,13895,0.478517452320979,6756,513,7269,0.929426330994635,13405,7759
"42","Sligo","2013",6970,9672,16642,0.418819853383007,8694,821,9515,0.913715186547556,15664,10493
"43","Tralee","2013",10037,8299,18336,0.547393106457243,7634,596,8230,0.927582017010936,17671,8895
"44","Tullamore","2013",8442,7973,16415,0.514285714285714,7283,603,7886,0.923535379152929,15725,8576
"45","Waterford","2013",15117,15961,31078,0.486421262629513,14037,1495,15532,0.903747102755601,29154,17456
"46","Westport","2013",8761,8683,17444,0.502235725750975,8096,574,8670,0.933794694348328,16857,9257
"47","Youghal","2013",6405,6241,12646,0.50648426379883,5649,485,6134,0.920932507336159,12054,6726
"48","Abbeyfeale","2014",8236,7359,15595,0.528117986534146,NA,NA,NA,NA,8236,7359
"49","Arklow","2014",13776,13186,26962,0.510941324827535,NA,NA,NA,NA,13776,13186
"50","Athlone","2014",8566,8323,16889,0.507194031618213,NA,NA,NA,NA,8566,8323
"51","Ballina","2014",7291,8327,15618,0.466833141247279,NA,NA,NA,NA,7291,8327
"52","Ballinasloe","2014",6900,6070,12970,0.531996915959908,NA,NA,NA,NA,6900,6070
"53","Cahir","2014",14037,14595,28632,0.490255658005029,NA,NA,NA,NA,14037,14595
"54","Cahirciveen","2014",1753,1829,3582,0.489391401451703,NA,NA,NA,NA,1753,1829
"55","Carlow","2014",12361,15069,27430,0.450637987604812,NA,NA,NA,NA,12361,15069
"56","Carndonagh","2014",2875,3371,6246,0.460294588536663,NA,NA,NA,NA,2875,3371
"57","Carrick-on-Shannon","2014",5296,6609,11905,0.444855102897942,NA,NA,NA,NA,5296,6609
"58","Castlerea","2014",6713,8130,14843,0.452267061914707,NA,NA,NA,NA,6713,8130
"59","Cavan","2014",7012,8496,15508,0.452153727108589,NA,NA,NA,NA,7012,8496
"60","Charleville","2014",9251,7890,17141,0.539700134181203,NA,NA,NA,NA,9251,7890
"61","Clifden","2014",1503,2719,4222,0.355992420653719,NA,NA,NA,NA,1503,2719
"62","Cork-Blarney","2014",20612,23018,43630,0.472427228970892,NA,NA,NA,NA,20612,23018
"63","Cork-Little Island","2014",35318,30543,65861,0.536250588360335,NA,NA,NA,NA,35318,30543
"64","Deansgrange","2014",46052,40440,86492,0.532442306802941,NA,NA,NA,NA,46052,40440
"65","Derrybeg","2014",2493,2991,5484,0.454595185995624,NA,NA,NA,NA,2493,2991
"66","Donegal","2014",5034,5344,10378,0.485064559645404,NA,NA,NA,NA,5034,5344
"67","Drogheda","2014",15791,14395,30186,0.52312330219307,NA,NA,NA,NA,15791,14395
"68","Dundalk","2014",8621,10124,18745,0.459909309149106,NA,NA,NA,NA,8621,10124
"69","Ennis","2014",13941,17923,31864,0.437515691689681,NA,NA,NA,NA,13941,17923
"70","Enniscorthy","2014",15612,16702,32314,0.483134245218791,NA,NA,NA,NA,15612,16702
"71","Fonthill","2014",40424,50294,90718,0.445600652571706,NA,NA,NA,NA,40424,50294
"72","Galway","2014",25409,33733,59142,0.429626999425112,NA,NA,NA,NA,25409,33733
"73","Greenhills","2014",30717,30255,60972,0.503788624286558,NA,NA,NA,NA,30717,30255
"74","Kells","2014",14137,14077,28214,0.501063301906855,NA,NA,NA,NA,14137,14077
"75","Kilkenny","2014",15362,11014,26376,0.582423415225963,NA,NA,NA,NA,15362,11014
"76","Killarney","2014",10037,7411,17448,0.575252177900046,NA,NA,NA,NA,10037,7411
"77","Letterkenny","2014",9996,11712,21708,0.460475400773908,NA,NA,NA,NA,9996,11712
"78","Limerick","2014",23090,26156,49246,0.468870568167973,NA,NA,NA,NA,23090,26156
"79","Longford","2014",7172,8461,15633,0.458773108168618,NA,NA,NA,NA,7172,8461
"80","Macroom","2014",9281,7939,17220,0.538966318234611,NA,NA,NA,NA,9281,7939
"81","Monaghan","2014",5213,8023,13236,0.393850105772137,NA,NA,NA,NA,5213,8023
"82","Mullingar","2014",7942,8836,16778,0.473357968768626,NA,NA,NA,NA,7942,8836
"83","Naas","2014",20825,23571,44396,0.46907379043157,NA,NA,NA,NA,20825,23571
"84","Nenagh","2014",12392,12587,24979,0.496096721245847,NA,NA,NA,NA,12392,12587
"85","Northpoint 1","2014",26118,33177,59295,0.44047558816089,NA,NA,NA,NA,26118,33177
"86","Northpoint 2","2014",33628,36795,70423,0.477514448404641,NA,NA,NA,NA,33628,36795
"87","Portlaoise","2014",11137,9922,21059,0.528847523624104,NA,NA,NA,NA,11137,9922
"88","Skibbereen","2014",8302,7816,16118,0.515076312197543,NA,NA,NA,NA,8302,7816
"89","Sligo","2014",8810,10356,19166,0.459668162370865,NA,NA,NA,NA,8810,10356
"90","Tralee","2014",13457,9599,23056,0.58366585704372,NA,NA,NA,NA,13457,9599
"91","Tullamore","2014",9472,8546,18018,0.525696525696526,NA,NA,NA,NA,9472,8546
"92","Waterford","2014",18869,18214,37083,0.508831540058787,NA,NA,NA,NA,18869,18214
"93","Westport","2014",11189,10473,21662,0.516526636506324,NA,NA,NA,NA,11189,10473
"94","Youghal","2014",8185,7658,15843,0.516631951019378,NA,NA,NA,NA,8185,7658
"95","Abbeyfeale","2015",8642,7782,16424,0.526181198246469,7259,783,8042,0.902636160159164,15901,8565
"96","Arklow","2015",14582,14777,29359,0.49667904220171,12733,1351,14084,0.904075546719682,27315,16128
"97","Athlone","2015",9044,9121,18165,0.497880539499037,8720,788,9508,0.917122423222549,17764,9909
"98","Ballina","2015",8648,9352,18000,0.480444444444444,8638,662,9300,0.928817204301075,17286,10014
"99","Ballinasloe","2015",7332,6767,14099,0.520036882048372,6396,535,6931,0.922810561246573,13728,7302
"100","Cahir","2015",15884,15639,31523,0.503886051454493,14309,1262,15571,0.918951897758654,30193,16901
"101","Cahirciveen","2015",1930,1853,3783,0.510177108115252,1702,76,1778,0.957255343082115,3632,1929
"102","Carlow","2015",13711,16395,30106,0.455424167939946,14544,1568,16112,0.902681231380338,28255,17963
"103","Carndonagh","2015",3746,3845,7591,0.493479120010539,3693,375,4068,0.907817109144543,7439,4220
"104","Carrick-on-Shannon","2015",6038,7016,13054,0.462540217557837,6430,573,7003,0.918177923746966,12468,7589
"105","Castlerea","2015",7048,8229,15277,0.461347123126268,7529,725,8254,0.912163799370002,14577,8954
"106","Cavan","2015",7083,9212,16295,0.434673212641915,8820,1031,9851,0.895340574560958,15903,10243
"107","Charleville","2015",8620,9302,17922,0.48097310568017,8518,792,9310,0.914930182599356,17138,10094
"108","Clifden","2015",1734,2975,4709,0.368231046931408,2725,310,3035,0.897858319604613,4459,3285
"109","Cork-Blarney","2015",22123,24592,46715,0.473573798565771,21348,2198,23546,0.906650811178119,43471,26790
"110","Cork-Little Island","2015",40254,35872,76126,0.528781231116833,34612,3151,37763,0.916558536133252,74866,39023
"111","Deansgrange","2015",54974,44857,99831,0.550670633370396,43563,4081,47644,0.914343883804886,98537,48938
"112","Derrybeg","2015",2625,3378,6003,0.43728135932034,3242,270,3512,0.923120728929385,5867,3648
"113","Donegal","2015",5971,5679,11650,0.512532188841202,5326,606,5932,0.897842211732974,11297,6285
"114","Drogheda","2015",19157,17852,37009,0.517630846550839,16003,1646,17649,0.90673692560485,35160,19498
"115","Dundalk","2015",10875,12687,23562,0.461548255665903,11465,1341,12806,0.895283460877714,22340,14028
"116","Ennis","2015",15448,17534,32982,0.46837669031593,16230,1693,17923,0.905540367126039,31678,19227
"117","Enniscorthy","2015",17397,19221,36618,0.475094215959364,17929,1721,19650,0.912417302798982,35326,20942
"118","Fonthill","2015",42483,51264,93747,0.453166501328042,43791,4963,48754,0.898203224350822,86274,56227
"119","Galway","2015",27818,33163,60981,0.456174874141126,30514,3043,33557,0.909318473045862,58332,36206
"120","Greenhills","2015",36201,38130,74331,0.487024256366792,36347,3854,40201,0.904131738016467,72548,41984
"121","Kells","2015",15878,18118,33996,0.467054947640899,15756,1722,17478,0.901476141434947,31634,19840
"122","Kilkenny","2015",16138,12684,28822,0.559919505932968,12185,798,12983,0.938535007317261,28323,13482
"123","Killarney","2015",11252,8641,19893,0.565626099633037,8345,551,8896,0.938062050359712,19597,9192
"124","Letterkenny","2015",10388,12883,23271,0.446392505693782,11833,1231,13064,0.905771586037967,22221,14114
"125","Limerick","2015",25462,26796,52258,0.487236403995561,26039,2837,28876,0.901752320265965,51501,29633
"126","Longford","2015",6379,8718,15097,0.422534278333444,7763,980,8743,0.88791032826261,14142,9698
"127","Macroom","2015",9094,7950,17044,0.533560197136822,7339,577,7916,0.92710965133906,16433,8527
"128","Monaghan","2015",5600,9069,14669,0.381757447678778,8245,990,9235,0.892799133730374,13845,10059
"129","Mullingar","2015",9527,11395,20922,0.45535799636746,10300,997,11297,0.911746481366735,19827,12392
"130","Naas","2015",23516,27333,50849,0.46246730515841,23115,2319,25434,0.908822835574428,46631,29652
"131","Nenagh","2015",13076,13998,27074,0.482972593632267,12622,1152,13774,0.916364164367649,25698,15150
"132","Northpoint 1","2015",31748,36334,68082,0.466320025851179,33943,4114,38057,0.891898993614841,65691,40448
"133","Northpoint 2","2015",43951,48898,92849,0.473359971566737,43822,4523,48345,0.906443272313579,87773,53421
"134","Portlaoise","2015",14511,11563,26074,0.556531410600598,10465,802,11267,0.928818674003728,24976,12365
"135","Skibbereen","2015",8043,8829,16872,0.476706970128023,8250,582,8832,0.934103260869565,16293,9411
"136","Sligo","2015",9650,11275,20925,0.461170848267622,10443,876,11319,0.922608004240657,20093,12151
"137","Tralee","2015",13911,10466,24377,0.570660868851787,9793,807,10600,0.923867924528302,23704,11273
"138","Tullamore","2015",11989,10740,22729,0.527475911830701,9850,832,10682,0.922111964051676,21839,11572
"139","Waterford","2015",21418,19759,41177,0.520144740996187,17686,1760,19446,0.909492954849326,39104,21519
"140","Westport","2015",11216,11379,22595,0.496393007302501,10615,814,11429,0.928777670837344,21831,12193
"141","Youghal","2015",8199,8543,16742,0.489726436506988,7570,649,8219,0.921036622460153,15769,9192
"142","Abbeyfeale","2016",8865,7465,16330,0.542865890998163,6913,729,7642,0.904606124051295,15778,8194
"143","Arklow","2016",12971,15525,28496,0.455186692869175,13299,1535,14834,0.896521504651476,26270,17060
"144","Athlone","2016",8866,10165,19031,0.46587147286007,9185,934,10119,0.90769838916889,18051,11099
"145","Ballina","2016",8185,9724,17909,0.457032776816126,8953,664,9617,0.930955599459291,17138,10388
"146","Ballinasloe","2016",8207,7122,15329,0.535390436427686,6651,537,7188,0.925292153589315,14858,7659
"147","Cahir","2016",14915,15779,30694,0.485925588062814,13911,1310,15221,0.913934695486499,28826,17089
"148","Cahirciveen","2016",1840,1758,3598,0.511395219566426,1601,85,1686,0.949584816132859,3441,1843
"149","Carlow","2016",12642,16324,28966,0.436442725954567,14421,1483,15904,0.906753018108652,27063,17807
"150","Carndonagh","2016",3770,3425,7195,0.523974982626824,3297,293,3590,0.918384401114206,7067,3718
"151","Carrick-on-Shannon","2016",5939,7269,13208,0.449651726226529,6675,633,7308,0.913382594417077,12614,7902
"152","Castlerea","2016",6706,8234,14940,0.448862115127175,7226,656,7882,0.916772392793707,13932,8890
"153","Cavan","2016",6906,9072,15978,0.432219301539617,8340,1007,9347,0.89226489782818,15246,10079
"154","Charleville","2016",8870,8858,17728,0.50033844765343,8009,669,8678,0.922908504263655,16879,9527
"155","Clifden","2016",1736,2781,4517,0.384325880008855,2499,261,2760,0.905434782608696,4235,3042
"156","Cork-Blarney","2016",20838,23883,44721,0.465955591332931,20177,2217,22394,0.90100026792891,41015,26100
"157","Cork-Little Island","2016",36202,33763,69965,0.51743014364325,32573,3059,35632,0.914150202065559,68775,36822
"158","Deansgrange","2016",54284,44861,99145,0.547521307176358,43434,4005,47439,0.915575792069816,97718,48866
"159","Derrybeg","2016",2489,3303,5792,0.429730662983425,3080,177,3257,0.945655511206632,5569,3480
"160","Donegal","2016",5596,5532,11128,0.502875629043853,5042,565,5607,0.899233101480292,10638,6097
"161","Drogheda","2016",19363,18763,38126,0.5078686460683,16566,1706,18272,0.906633099824869,35929,20469
"162","Dundalk","2016",10240,12294,22534,0.454424425312861,11126,1367,12493,0.890578724085488,21366,13661
"163","Ennis","2016",15090,17614,32704,0.4614114481409,15871,1693,17564,0.90360965611478,30961,19307
"164","Enniscorthy","2016",17479,20676,38155,0.458105097628096,18176,1786,19962,0.910530007013325,35655,22462
"165","Fonthill","2016",43073,54909,97982,0.439601151231859,45521,5405,50926,0.893865608922751,88594,60314
"166","Galway","2016",27760,32122,59882,0.463578370795899,29334,2964,32298,0.908229611740665,57094,35086
"167","Greenhills","2016",29909,34135,64044,0.467007057647867,34051,3985,38036,0.895230833946787,63960,38120
"168","Kells","2016",15856,18128,33984,0.466572504708098,15790,1819,17609,0.896700550854677,31646,19947
"169","Kilkenny","2016",15981,12731,28712,0.556596544998607,12171,966,13137,0.926467229961178,28152,13697
"170","Killarney","2016",10956,9066,20022,0.547198082109679,8708,533,9241,0.942322259495726,19664,9599
"171","Letterkenny","2016",10296,11908,22204,0.463700234192037,11142,1078,12220,0.911783960720131,21438,12986
"172","Limerick","2016",25889,29314,55203,0.468978135246273,27481,3167,30648,0.896665361524406,53370,32481
"173","Longford","2016",6167,8524,14691,0.419780818188006,7607,922,8529,0.891898229569703,13774,9446
"174","Macroom","2016",8688,8122,16810,0.516835217132659,7272,484,7756,0.937596699329551,15960,8606
"175","Monaghan","2016",5497,8638,14135,0.388892819243014,7676,1090,8766,0.87565594341775,13173,9728
"176","Mullingar","2016",8949,10906,19855,0.450717703349282,9891,989,10880,0.909099264705882,18840,11895
"177","Naas","2016",22391,27564,49955,0.448223401060955,23189,2442,25631,0.904724747376224,45580,30006
"178","Nenagh","2016",12207,12662,24869,0.490852064819655,11179,1060,12239,0.91339161696217,23386,13722
"179","Northpoint 1","2016",28931,34213,63144,0.458174965159002,31151,3726,34877,0.893167416922327,60082,37939
"180","Northpoint 2","2016",44927,53124,98051,0.458200324321017,46900,4926,51826,0.904951182803998,91827,58050
"181","Portlaoise","2016",13658,11446,25104,0.544056724028043,10372,864,11236,0.92310430758277,24030,12310
"182","Skibbereen","2016",7837,8637,16474,0.475719315284691,7952,572,8524,0.932895354293759,15789,9209
"183","Sligo","2016",9354,10913,20267,0.461538461538462,10119,861,10980,0.921584699453552,19473,11774
"184","Tralee","2016",12323,10983,23306,0.528747961898224,10148,898,11046,0.918703603114249,22471,11881
"185","Tullamore","2016",11808,10680,22488,0.525080042689434,9952,817,10769,0.924134088587613,21760,11497
"186","Waterford","2016",19775,20023,39798,0.496884265540982,17236,1658,18894,0.912247274266963,37011,21681
"187","Westport","2016",10606,11460,22066,0.480648962204296,10279,783,11062,0.929217139757729,20885,12243
"188","Youghal","2016",7928,8539,16467,0.481447743972794,7299,673,7972,0.915579528349222,15227,9212
"189","Abbeyfeale","2017",8410,6611,15021,0.559882830703681,6067,640,6707,0.90457730729089,14477,7251
"190","Arklow","2017",12338,13890,26228,0.470413298764679,12261,1233,13494,0.9086260560249,24599,15123
"191","Athlone","2017",7779,9385,17164,0.453216033558611,8466,818,9284,0.911891426109436,16245,10203
"192","Ballina","2017",7786,8862,16648,0.467683805862566,8115,634,8749,0.927534575380043,15901,9496
"193","Ballinasloe","2017",8048,6880,14928,0.539121114683816,6320,483,6803,0.929001910921652,14368,7363
"194","Cahir","2017",13082,14917,27999,0.467230972534733,13152,1149,14301,0.919655968114118,26234,16066
"195","Cahirciveen","2017",1695,1519,3214,0.527380211574362,1388,106,1494,0.92904953145917,3083,1625
"196","Carlow","2017",11738,13936,25674,0.457194048453689,12410,1199,13609,0.911896539055037,24148,15135
"197","Carndonagh","2017",3460,3325,6785,0.509948415622697,3077,311,3388,0.908205430932704,6537,3636
"198","Carrick-on-Shannon","2017",6012,6545,12557,0.478776777892809,5940,541,6481,0.916525227588335,11952,7086
"199","Castlerea","2017",6391,7586,13977,0.457251198397367,6747,651,7398,0.912003244120032,13138,8237
"200","Cavan","2017",6348,8360,14708,0.431601849333696,7698,900,8598,0.895324494068388,14046,9260
"201","Charleville","2017",8931,7661,16592,0.538271456123433,7052,564,7616,0.925945378151261,15983,8225
"202","Clifden","2017",1738,2443,4181,0.415690026309495,2247,183,2430,0.924691358024691,3985,2626
"203","Cork-Blarney","2017",21290,21960,43250,0.492254335260116,19450,2035,21485,0.905282755410752,40740,23995
"204","Cork-Little Island","2017",35339,31909,67248,0.525502617178206,30109,2616,32725,0.920061115355233,65448,34525
"205","Deansgrange","2017",52323,40779,93102,0.561996519945866,38430,3462,41892,0.917358922944715,90753,44241
"206","Derrybeg","2017",2453,2960,5413,0.453168298540551,2752,134,2886,0.953568953568954,5205,3094
"207","Donegal","2017",4981,5670,10651,0.467655619190686,5127,498,5625,0.911466666666667,10108,6168
"208","Drogheda","2017",17645,17296,34941,0.504994132967001,15344,1512,16856,0.910299003322259,32989,18808
"209","Dundalk","2017",9867,11065,20932,0.471383527613224,10124,1169,11293,0.896484547950058,19991,12234
"210","Ennis","2017",13887,15696,29583,0.469425007605719,14365,1476,15841,0.906824064137365,28252,17172
"211","Enniscorthy","2017",16632,18222,34854,0.477190566362541,16335,1539,17874,0.913897280966767,32967,19761
"212","Fonthill","2017",40476,49276,89752,0.450976022818433,40841,4520,45361,0.90035493044686,81317,53796
"213","Galway","2017",26155,27855,54010,0.484262173671542,25819,2544,28363,0.910305679935127,51974,30399
"214","Greenhills","2017",28817,32394,61211,0.470781395500809,31947,3346,35293,0.905193664466041,60764,35740
"215","Kells","2017",15138,16044,31182,0.485472387916105,14444,1575,16019,0.901679255883638,29582,17619
"216","Kilkenny","2017",14705,11047,25752,0.571023609816713,10620,754,11374,0.933708457886408,25325,11801
"217","Killarney","2017",10094,8487,18581,0.543243097788063,8081,560,8641,0.935192686031709,18175,9047
"218","Letterkenny","2017",9690,10755,20445,0.473954512105649,10246,938,11184,0.916130185979971,19936,11693
"219","Limerick","2017",25109,25324,50433,0.497868459143815,24232,2424,26656,0.90906362545018,49341,27748
"220","Longford","2017",5741,7656,13397,0.428528775098903,7051,761,7812,0.902585765488991,12792,8417
"221","Macroom","2017",8393,7291,15684,0.535131344044886,6630,442,7072,0.9375,15023,7733
"222","Monaghan","2017",4904,7923,12827,0.382318546815311,7168,1024,8192,0.875,12072,8947
"223","Mullingar","2017",8460,10295,18755,0.45107971207678,9398,901,10299,0.912515778230896,17858,11196
"224","Naas","2017",20978,23095,44073,0.475983028157829,20335,1918,22253,0.913809374016986,41313,25013
"225","Nenagh","2017",11192,11195,22387,0.499932996828517,10147,946,11093,0.914720995222212,21339,12141
"226","Northpoint 1","2017",28413,31933,60346,0.47083485235144,28707,3098,31805,0.902593931771734,57120,35031
"227","Northpoint 2","2017",42404,46556,88960,0.476663669064748,43110,4104,47214,0.913076629813191,85514,50660
"228","Portlaoise","2017",13111,10863,23974,0.546884124468174,9843,811,10654,0.923878355547212,22954,11674
"229","Skibbereen","2017",7919,7864,15783,0.501742381042894,7322,513,7835,0.934524569240587,15241,8377
"230","Sligo","2017",8863,9962,18825,0.470810092961487,9187,700,9887,0.929199959542834,18050,10662
"231","Tralee","2017",11337,10004,21341,0.531230963872358,9429,809,10238,0.920980660285212,20766,10813
"232","Tullamore","2017",10216,9570,19786,0.516324674011928,8942,686,9628,0.928749480681346,19158,10256
"233","Waterford","2017",18938,17334,36272,0.52211071901191,15376,1478,16854,0.912305684110597,34314,18812
"234","Westport","2017",10192,10363,20555,0.495840428119679,9473,741,10214,0.927452516154298,19665,11104
"235","Youghal","2017",7589,7976,15565,0.487568262126566,6982,585,7567,0.922690630368706,14571,8561
"236","Abbeyfeale","2018",8458,6880,15338,0.551440865823445,6370,578,6948,0.916810592976396,14828,7458
"237","Arklow","2018",13093,13520,26613,0.491977604929921,11973,1209,13182,0.908284023668639,25066,14729
"238","Athlone","2018",8593,9574,18167,0.473000495403754,8510,782,9292,0.915841584158416,17103,10356
"239","Ballina","2018",8178,8853,17031,0.480183195349657,8200,589,8789,0.932984412333599,16378,9442
"240","Ballinasloe","2018",8383,7405,15788,0.530972890803142,6690,491,7181,0.931625121849325,15073,7896
"241","Cahir","2018",13122,15268,28390,0.462205001761184,13467,1160,14627,0.920694605865864,26589,16428
"242","Cahirciveen","2018",1654,1591,3245,0.509707241910632,1425,85,1510,0.943708609271523,3079,1676
"243","Carlow","2018",11056,14868,25924,0.426477395463663,12943,1195,14138,0.915476022068185,23999,16063
"244","Carndonagh","2018",3498,3234,6732,0.519607843137255,3066,243,3309,0.926563916591115,6564,3477
"245","Carrick-on-Shannon","2018",5360,7202,12562,0.426683649100462,6472,526,6998,0.924835667333524,11832,7728
"246","Castlerea","2018",5626,8286,13912,0.404399079930995,7144,744,7888,0.905679513184584,12770,9030
"247","Cavan","2018",6105,8967,15072,0.405055732484076,7949,971,8920,0.891143497757848,14054,9938
"248","Charleville","2018",8245,8245,16490,0.5,7474,598,8072,0.92591674925669,15719,8843
"249","Clifden","2018",1773,2449,4222,0.41994315490289,2275,193,2468,0.921799027552674,4048,2642
"250","Cork-Blarney","2018",20614,21764,42378,0.486431639058002,19080,1894,20974,0.90969772098789,39694,23658
"251","Cork-Little Island","2018",33256,30686,63942,0.520096337305683,29576,2318,31894,0.927321753307832,62832,33004
"252","Deansgrange","2018",51663,38548,90211,0.572690691822505,36972,3032,40004,0.924207579242076,88635,41580
"253","Derrybeg","2018",2273,2999,5272,0.431145675265554,2836,137,2973,0.953918600739993,5109,3136
"254","Donegal Town","2018",5468,5399,10867,0.503174749240821,5023,425,5448,0.921989720998532,10491,5824
"255","Drogheda","2018",17326,18405,35731,0.484901066300971,16235,1584,17819,0.91110612267804,33561,19989
"256","Dundalk","2018",10347,10796,21143,0.489381828501159,9941,968,10909,0.91126592721606,20288,11764
"257","Ennis","2018",14656,15612,30268,0.48420774415224,14486,1395,15881,0.912159183930483,29142,17007
"258","Enniscorthy","2018",17341,18192,35533,0.488025215996398,16523,1509,18032,0.916315439219166,33864,19701
"259","Fonthill","2018",35881,46365,82246,0.436264377598911,38238,4027,42265,0.904720217674199,74119,50392
"260","Galway","2018",26520,27015,53535,0.495376856262258,24966,2283,27249,0.91621710888473,51486,29298
"261","Greenhills","2018",30258,32906,63164,0.47903869292635,33503,3489,36992,0.905682309688581,63761,36395
"262","Kells","2018",15817,16614,32431,0.487712373963183,14840,1387,16227,0.914525174092562,30657,18001
"263","Kilkenny","2018",15424,11158,26582,0.580242269204725,10887,732,11619,0.93699974180222,26311,11890
"264","Killarney","2018",9799,8535,18334,0.53447147376459,8173,570,8743,0.93480498684662,17972,9105
"265","Letterkenny","2018",9556,10566,20122,0.474903091144021,10077,822,10899,0.924580236718965,19633,11388
"266","Limerick","2018",24443,25045,49488,0.493917717426447,23964,2316,26280,0.911872146118721,48407,27361
"267","Longford","2018",6587,7449,14036,0.469293245939014,6853,711,7564,0.906002115282919,13440,8160
"268","Macroom","2018",8218,7856,16074,0.511260420554933,7114,414,7528,0.945005313496281,15332,8270
"269","Monaghan","2018",5462,7712,13174,0.414604524062547,7005,817,7822,0.895551009971874,12467,8529
"270","Mullingar","2018",9385,9999,19384,0.484162195625258,9059,738,9797,0.924670817597224,18444,10737
"271","Naas","2018",21012,21670,42682,0.492291832622651,19674,1765,21439,0.917673398945846,40686,23435
"272","Nenagh","2018",10929,11794,22723,0.480966421687277,10533,906,11439,0.920797272488854,21462,12700
"273","Northpoint 1","2018",27273,31482,58755,0.464181771764105,28300,2962,31262,0.905252383084895,55573,34444
"274","Northpoint 2","2018",40386,44195,84581,0.477483122687128,40557,3788,44345,0.914578870222122,80943,47983
"275","Portlaoise","2018",13402,10383,23785,0.563464368299348,9645,670,10315,0.935046049442559,23047,11053
"276","Skibbereen","2018",7069,8493,15562,0.454247526024933,7962,545,8507,0.935935112260491,15031,9038
"277","Sligo","2018",8981,9793,18774,0.478374347501864,9086,656,9742,0.932662697598029,18067,10449
"278","Tralee","2018",10941,9978,20919,0.52301735264592,9549,728,10277,0.929162206869709,20490,10706
"279","Tullamore","2018",10711,9296,20007,0.535362623081921,8794,615,9409,0.93463704963333,19505,9911
"280","Waterford","2018",19952,17383,37335,0.534404714075264,15514,1220,16734,0.927094538066212,35466,18603
"281","Westport","2018",9805,9927,19732,0.49690857490371,9023,734,9757,0.92477195859383,18828,10661
"282","Youghal","2018",7844,7694,15538,0.504826876045823,6733,564,7297,0.922707962176237,14577,8258
